player_id,name,team,position,€,Start%,Mins/Start,Minutes played,predicted_to_start,on_pens,Yellow_cards_per90_raw,npxG_per90_adjusted,xA_per90_adjusted,Saves_per90_calc,xPTS_per90
Veerman_PSV,Veerman,PSV,MID,11.0,0.8709677419,85.0,2531,True,False,0.14,0.08463058079810351,0.26,0.0,3.362820213743852
Ueda_FEY,Ueda,FEY,ATT,12.0,1.0,81.0,2690,True,True,0.07,0.5500371747211896,0.07,0.0,5.012974920532414
Godts_AJA,Godts,AJA,MID,12.5,0.9375,87.0,3091,True,False,0.09,0.29145907473309607,0.24,0.0,4.3635703143602855
Zechiël_FEY,Zechiël,FEY,MID,8.0,,,3207,True,False,0.11,0.15715622076707203,0.1,0.0,3.2840441062840413
Linssen_NEC,Linssen,NEC,ATT,8.0,0.9393939394,71.0,2359,True,False,0.23,0.3895294616362866,0.11,0.0,3.6670004530357696
Parrott_AZ,Parrott,AZ,ATT,10.0,0.8928571429,85.0,2348,True,False,0.11,0.48296422487223173,0.11,0.0,4.1716230162669055
Perisic_PSV,Perisic,PSV,MID,10.0,0.8709677419,79.0,2339,True,True,0.19,0.19700726806327493,0.22,0.0,4.68258174385139
Chery_NEC,Chery,NEC,MID,8.0,1.0,83.0,2967,True,False,0.09,0.24236602628918097,0.15,0.0,3.7935353322485157
Sierhuis_NEC,Sierhuis,NEC,ATT,8.0,,,2118,True,False,0.13,0.4487252124645893,0.06,0.0,3.8241045828944444
Trenskow_HEE,Trenskow,HEE,MID,8.5,0.9696969697,82.0,2892,True,False,0.0,0.32800829875518667,0.18,0.0,4.402214478384972
Hlynsson_TWE,Hlynsson,TWE,MID,7.5,0.9393939394,80.0,2675,True,False,0.03,0.34755140186915884,0.13,0.0,4.396913069295524
Hardeveld_TEL,Hardeveld,TEL,DEF,5.5,1.0,88.0,3222,True,False,0.03,0.08603351955307263,0.18,0.0,3.0194990278484033
Janse_AJA,Janse,AJA,DEF,5.5,,,3060,False,False,0.21,0.04470588235294118,0.04,0.0,2.707245497392037
Baas_AJA,Baas,AJA,DEF,6.5,1.0,89.0,3187,True,False,0.08,0.06777533730781299,0.0,0.0,2.85890757172554
Hadj Moussa_FEY,Hadj Moussa,FEY,MID,11.0,1.0,85.0,2744,True,False,0.13,0.2486151603498542,0.35,0.0,4.459256092923902
Ihattaren_FOR,Ihattaren,FOR,MID,7.5,0.8214285714,75.0,2051,True,True,0.18,0.1790346172598732,0.26,0.0,4.204157382815816
Young_SPA,Young,SPA,DEF,5.5,1.0,90.0,3210,True,False,0.2,0.02579439252336449,0.01,0.0,2.22069762074476
Van Rooij_TWE,Van Rooij,TWE,DEF,6.5,1.0,89.0,3130,True,False,0.14,0.06900958466453674,0.11,0.0,3.5418817251535177
Kostons_PEC,Kostons,PEC,ATT,7.0,1.0,85.0,3092,True,True,0.06,0.2785575679172057,0.09,0.0,3.7718096132871697
Drommel_PSV,Drommel,PSV,KEE,5.0,,,3307,False,False,0.03,0.0,0.01,3.7536,3.6350924434895004
Mauro Jr._PSV,Mauro Jr.,PSV,DEF,7.0,0.9230769231,84.0,2220,True,False,0.08,0.0527027027027027,0.15,0.0,3.484638956415826
Koeman Jr._TEL,Koeman Jr.,TEL,KEE,4.5,1.0,90.0,3209,True,True,0.08,-0.0008413836086008109,0.0,4.12335,4.291468070573785
J. Bos_FEY,J. Bos,FEY,DEF,6.5,0.8275862069,81.0,2228,True,False,0.0,0.09331238779174147,0.15,0.0,3.8708532708711454
Mijnans_PSV,Mijnans,PSV,MID,11.0,,,2515,True,False,0.04,0.3392445328031809,0.13,0.0,4.336245883181952
Pepi_PSV,Pepi,PSV,ATT,11.5,0.6153846154,75.0,1514,True,False,0.06,0.5290620871862616,0.07,0.0,4.357601183019613
Brouwers_HEE,Brouwers,HEE,MID,6.5,0.65625,85.0,2087,True,False,0.13,0.1802587446094873,0.09,0.0,3.255297425901783
Penetra_AZ,Penetra,AZ,DEF,5.5,1.0,86.0,3038,True,False,0.12,0.040882159315339034,0.02,0.0,2.8401355531965113
Hornkamp_AZ,Hornkamp,AZ,ATT,7.0,0.1818181818,58.0,1443,False,False,0.12,0.4278586278586279,0.09,0.0,3.875392625151952
D. Rots_TWE,D. Rots,TWE,MID,7.5,0.8484848485,79.0,2513,True,False,0.18,0.24210107441305212,0.18,0.0,3.8854463337013136
Van Overeem_UTR,Van Overeem,UTR,MID,6.5,,,3306,True,False,0.14,0.05117967332123412,0.15,0.0,2.7998791599638904
Lammers_TWE,Lammers,TWE,ATT,7.5,0.6538461538,83.0,1655,False,False,0.0,0.5046525679758308,0.17,0.0,4.519896871029616
Targhalline_FEY,Targhalline,FEY,MID,6.5,0.75,85.0,2057,True,False,0.18,0.014438502673796792,0.07,0.0,2.402583796795479
Kramer_GAE,Kramer,GAE,DEF,5.5,1.0,89.0,3259,True,False,0.06,0.04998465787051243,0.03,0.0,2.2095773360094224
Ogawa_NEC,Ogawa,NEC,ATT,7.0,0.5,65.0,1382,False,False,0.07,0.3881331403762663,0.03,0.0,3.581111547966168
Van Gassel_EXC,Van Gassel,EXC,KEE,4.5,1.0,88.0,3044,True,False,0.0,0.0,0.03,3.5795239999999997,3.074124679842698
De Busser_AZ,De Busser,AZ,KEE,5.0,,,3310,True,False,0.0,0.0,0.0,3.969317,3.5495095577395968
De Jonge_GRO,De Jonge,GRO,MID,6.0,0.8928571429,79.0,2282,True,False,0.12,0.10411919368974583,0.06,0.0,2.80863650025327
Weghorst_TWE,Weghorst,TWE,ATT,8.5,,,2068,True,True,0.3,0.29854932301740816,0.08,0.0,3.7445480029303946
D. De Wit_UTR,D. De Wit,UTR,MID,7.5,0.8888888889,87.0,2534,True,False,0.25,0.19427782162588791,0.04,0.0,3.091349383400911
Sano_NEC,Sano,NEC,MID,7.5,1.0,90.0,3358,True,False,0.08,0.05360333531864205,0.11,0.0,2.7348033447232534
Van Duijn_AZ,Van Duijn,AZ,ATT,6.0,,,1063,False,False,0.08,0.26923800564440264,0.12,0.0,3.3621141888430257
Resink_GRO,Resink,GRO,MID,7.0,1.0,87.0,2273,True,False,0.2,0.11720193576770788,0.04,0.0,2.734795141497741
Watanabe_FEY,Watanabe,FEY,DEF,6.0,1.0,88.0,2884,True,False,0.03,0.11078363384188626,0.01,0.0,3.5188233339312376
Vente_HEE,Vente,HEE,ATT,7.0,0.7666666667,85.0,2311,True,True,0.04,0.3777585460839464,0.05,0.0,4.189358176908957
Brouwer_TEL,Brouwer,TEL,MID,6.0,0.9032258065,80.0,2406,True,False,0.07,0.25024937655860346,0.14,0.0,3.7543554824193874
Sanches Fernandes_EXC,Sanches Fernandes,EXC,MID,5.5,0.8823529412,79.0,2606,True,False,0.0,0.18269378357636223,0.1,0.0,3.3793345101635173
Berghuis_AJA,Berghuis,AJA,MID,8.0,0.6666666667,74.0,1353,True,False,0.2,0.2534368070953437,0.27,0.0,4.13610474013493
Barkas_UTR,Barkas,UTR,KEE,5.0,1.0,89.0,3390,True,False,0.03,0.0,0.0,3.2141590000000004,3.2582978507776827
Nejašmić_NEC,Nejašmić,NEC,MID,6.5,0.8965517241,86.0,2542,True,False,0.11,0.07895357985837922,0.04,0.0,2.6206017140370887
Oosting_PEC,Oosting,PEC,MID,6.5,1.0,77.0,2762,True,False,0.1,0.20496017378711082,0.11,0.0,3.4074702295948143
Man_PSV,Man,PSV,MID,8.5,0.625,68.0,1582,True,False,0.11,0.27136536030341335,0.19,0.0,4.1177321301308005
Klaverboer_HEE,Klaverboer,HEE,KEE,5.0,0.8787878788,90.0,2847,True,False,0.06,0.0,0.0,3.8874509999999995,3.1958642229611938
Braude_HEE,Braude,HEE,DEF,5.5,1.0,88.0,3071,True,False,0.21,0.047476392054705316,0.05,0.0,2.5825649729060256
Kwakman_AZ,Kwakman,AZ,MID,5.5,0.0,,915,False,False,0.1,0.02065573770491803,0.03,0.0,2.355131849388389
Meerdink_AZ,Meerdink,AZ,ATT,9.0,0.45,76.0,961,True,True,0.19,0.5066597294484911,0.04,0.0,4.522223511586677
Willumsson_GRO,Willumsson,GRO,ATT,6.5,0.4,75.0,1417,True,False,0.19,0.36393789696541995,0.05,0.0,3.420359168030835
Taha_TWE,Taha,TWE,MID,7.0,,,2845,False,False,0.16,0.20815465729349739,0.22,0.0,3.8564071888437432
Steijn_FEY,Steijn,FEY,MID,10.5,0.5714285714,78.0,1190,True,False,0.0,0.414453781512605,0.22,0.0,5.106021026662413
Edvardsen_GAE,Edvardsen,GAE,ATT,7.0,0.8461538462,84.0,2139,True,False,0.17,0.2141654978962132,0.14,0.0,3.0874112184638802
Sandler_NEC,Sandler,NEC,DEF,5.0,0.8518518519,80.0,1987,True,False,0.32,0.018117765475591345,0.07,0.0,2.4040372287878946
Lebreton_NEC,Lebreton,NEC,MID,7.0,0.5555555556,85.0,1561,True,False,0.23,0.3557335041639974,0.11,0.0,4.0837945503699125
Zonneveld_SPA,Zonneveld,SPA,ATT,6.0,0.07692307692,78.0,1244,False,False,0.07,0.6055466237942122,0.01,0.0,4.366713083178128
Naujoks_EXC,Naujoks,EXC,MID,6.5,0.935483871,78.0,2455,True,True,0.11,0.30684317718940934,0.07,0.0,4.388074188684805
Itakura_AJA,Itakura,AJA,DEF,6.0,0.6666666667,81.0,1501,True,False,0.12,0.04377081945369753,0.01,0.0,2.700768300796212
Klaassen_AJA,Klaassen,AJA,MID,8.5,0.724137931,77.0,2129,True,False,0.08,0.12597463597933303,0.04,0.0,2.9213782353716984
Goes_AZ,Goes,AZ,DEF,5.5,0.9696969697,86.0,2931,True,False,0.28,0.04022517911975435,0.01,0.0,2.647295759327613
Land_GRO,Land,GRO,MID,5.5,0.5333333333,80.0,1723,True,False,0.21,0.085664538595473,0.08,0.0,2.6873607325938265
Zerrouki_TWE,Zerrouki,TWE,MID,7.0,1.0,83.0,2838,True,False,0.06,0.04630021141649048,0.07,0.0,2.6941732302664754
Zagré_UTR,Zagré,UTR,DEF,5.0,,,2563,True,False,0.21,0.07374170893484198,0.03,0.0,2.846252347069156
Crettaz_NEC,Crettaz,NEC,KEE,5.0,1.0,90.0,3062,True,False,0.06,0.0,0.01,3.1712190000000007,3.1380711328331747
Aertssen_PEC,Aertssen,PEC,DEF,4.5,0.59375,81.0,2033,True,False,0.09,0.024348253812100346,0.06,0.0,2.1955563343057913
Til_PSV,Til,PSV,MID,12.0,0.8620689655,83.0,2383,True,False,0.08,0.41657574485942084,0.12,0.0,4.67771285167697
Meerveld_HEE,Meerveld,HEE,MID,7.0,0.9666666667,82.0,2568,True,False,0.04,0.19205607476635517,0.11,0.0,3.4763661448900045
Martins Indi_SPA,Martins Indi,SPA,DEF,4.5,0.8965517241,84.0,2365,True,False,0.19,0.04985200845665962,0.0,0.0,2.344450641300558
Van Bergen_SPA,Van Bergen,SPA,MID,6.5,1.0,80.0,2539,True,False,0.0,0.17439936983064197,0.17,0.0,3.546292651701554
Widell_EXC,Widell,EXC,DEF,4.5,1.0,90.0,3290,True,False,0.05,0.050607902735562316,0.0,0.0,2.369478199717399
Yegoian_EXC,Yegoian,EXC,MID,6.0,0.9677419355,88.0,2869,True,False,0.06,0.17253398396653885,0.07,0.0,3.1733581146796244
Rosa_AJA,Rosa,AJA,DEF,5.5,0.75,87.0,2554,True,False,0.14,0.026429130775254505,0.03,0.0,2.6363477248211726
Vaessen_GRO,Vaessen,GRO,KEE,5.0,1.0,87.0,2825,True,False,0.06,0.0,0.0,2.5505739999999997,3.0269274284635954
Rente_GRO,Rente,GRO,DEF,5.5,0.9032258065,79.0,2517,True,False,0.14,0.06793802145411204,0.09,0.0,3.011005420091762
Van Bergen_GRO,Van Bergen,GRO,ATT,7.5,1.0,87.0,3228,True,True,0.11,0.33680297397769515,0.05,0.0,3.9608558328356382
Lemkin_TWE,Lemkin,TWE,DEF,5.0,0.7666666667,87.0,2193,True,False,0.12,0.007797537619699042,0.02,0.0,2.9267437956755433
Van den Belt_TWE,Van den Belt,TWE,MID,6.0,0.8181818182,76.0,2295,True,False,0.2,0.30235294117647055,0.08,0.0,3.8905527209689996
Meulensteen_GAE,Meulensteen,GAE,MID,6.0,0.9705882353,85.0,3034,True,False,0.06,0.1020435069215557,0.03,0.0,2.660406966307532
Namli_PEC,Namli,PEC,MID,6.5,0.9230769231,85.0,1114,True,False,0.08,0.21570915619389586,0.36,0.0,4.229419874390233
Mito_SPA,Mito,SPA,MID,7.0,0.92,79.0,1980,True,False,0.0,0.24954545454545454,0.12,0.0,3.789158627089164
Kaplan_AJA,Kaplan,AJA,DEF,5.0,,,2242,False,False,0.36,0.09072256913470116,0.05,0.0,2.860089791297318
Chávez_AZ,Chávez,AZ,DEF,5.0,0.3103448276,70.0,907,False,False,0.5,0.09426681367144432,0.12,0.0,3.0805648094904448
Koopmeiners_AZ,Koopmeiners,AZ,MID,6.5,0.8275862069,85.0,2301,True,False,0.2,0.08252933507170795,0.05,0.0,2.619072613558207
Blokzijl_GRO,Blokzijl,GRO,DEF,5.5,1.0,90.0,3407,True,False,0.08,0.015057235104197242,0.01,0.0,2.510157139810107
Wellenreuther_FEY,Wellenreuther,FEY,KEE,5.5,1.0,90.0,3233,True,False,0.17,0.0,0.0,2.365451,3.210538829636376
Deijl_FEY,Deijl,FEY,DEF,5.5,0.9285714286,86.0,3055,True,False,0.15,0.036824877250409165,0.07,0.0,3.135569440988182
James_GAE,James,GAE,DEF,5.5,0.6666666667,80.0,1752,True,False,0.21,0.05496575342465754,0.15,0.0,2.4466983782096534
Suray_GAE,Suray,GAE,MID,7.0,0.9696969697,81.0,2750,True,True,0.13,0.2853818181818181,0.03,0.0,4.1174481852787315
Gasiorowski_PSV,Gasiorowski,PSV,DEF,6.0,0.7352941176,82.0,2306,True,False,0.0,0.052688638334778846,0.01,0.0,3.1335769986926234
Bajraktarevic_PSV,Bajraktarevic,PSV,MID,8.0,0.2424242424,78.0,1173,False,False,0.0,0.2194373401534527,0.15,0.0,3.8395035542916855
Zagaritis_HEE,Zagaritis,HEE,DEF,5.5,0.9705882353,85.0,3044,True,False,0.12,0.02956636005256242,0.12,0.0,2.7741843722075745
Peersman_TEL,Peersman,TEL,DEF,5.0,,,3090,True,False,0.17,0.05533980582524272,0.04,0.0,2.2740554181240755
Gaaei_AJA,Gaaei,AJA,DEF,5.5,0.5588235294,85.0,2158,False,False,0.13,0.033364226135310475,0.17,0.0,3.1074172574685694
Gloukh_AJA,Gloukh,AJA,MID,9.5,0.4848484848,74.0,1690,True,False,0.16,0.2742603550295858,0.12,0.0,3.814972691449472
Bounida_AJA,Bounida,AJA,MID,7.0,0.3,68.0,917,False,False,0.39,0.30916030534351147,0.23,0.0,4.0906213476906625
Owusu-Oduro_AZ,Owusu-Oduro,AZ,KEE,5.0,0.92,89.0,2210,False,False,0.04,0.0,0.0,2.852928000000001,3.255112257015246
Kasius_AZ,Kasius,AZ,DEF,6.0,0.7647058824,84.0,1296,True,False,0.21,0.08680555555555555,0.19,0.0,3.539752694876626
M. De Wit_AZ,M. De Wit,AZ,DEF,5.5,0.90625,85.0,2642,True,False,0.31,0.08890991672975018,0.11,0.0,3.2120131555328544
Clasie_AZ,Clasie,AZ,MID,6.0,0.8333333333,77.0,852,True,False,0.21,0.032746478873239435,0.09,0.0,2.490765737402125
Smit_AZ,Smit,AZ,MID,7.5,0.8846153846,88.0,2282,True,False,0.2,0.0958369851007888,0.1,0.0,2.8439352752073397
Boogaard_WIL,Boogaard,WIL,MID,5.5,,,761,True,False,0.12,0.02247043363994744,0.13,0.0,2.5321798790560477
Zawada_GRO,Zawada,GRO,ATT,6.0,0.0,,387,False,False,0.23,0.8372093023255813,0.05,0.0,5.226815123597618
Adelgaard_TWE,Adelgaard,TWE,DEF,5.5,,,1678,True,False,0.21,0.009117997616209773,0.1,0.0,3.08390307517926
Horemans_UTR,Horemans,UTR,DEF,5.0,0.6785714286,85.0,2020,True,False,0.04,0.0351980198019802,0.09,0.0,2.9629975631452155
Jensen_UTR,Jensen,UTR,MID,7.5,0.7777777778,76.0,574,True,False,0.16,0.39355400696864107,0.11,0.0,4.3771647462524665
Cathline_UTR,Cathline,UTR,MID,7.0,0.8076923077,83.0,2210,True,False,0.16,0.20769230769230768,0.14,0.0,3.533352618810779
Alarcón_UTR,Alarcón,UTR,MID,7.5,1.0,74.0,1022,True,False,0.0,0.38395303326810176,0.19,0.0,4.72425947983213
Ahmedhodzic_FEY,Ahmedhodzic,FEY,DEF,5.5,1.0,85.0,2390,True,False,0.23,0.057615062761506276,0.01,0.0,3.000154858655399
Dahlhaus_FOR,Dahlhaus,FOR,DEF,4.5,0.9615384615,84.0,2298,True,False,0.2,0.02545691906005222,0.04,0.0,2.1171544907400794
Ouaissa_NEC,Ouaissa,NEC,MID,7.5,0.9696969697,82.0,2861,True,False,0.16,0.16169171618315273,0.2,0.0,3.466802507768485
Velanas_PEC,Velanas,PEC,MID,6.0,0.5,76.0,679,False,False,0.0,0.222680412371134,0.09,0.0,3.5414885956880706
Rivera_HEE,Rivera,HEE,MID,7.0,0.8,77.0,2207,True,False,0.2,0.25527865881286815,0.14,0.0,3.690230573825879
Quintero_SPA,Quintero,SPA,DEF,5.0,0.84375,89.0,2676,True,False,0.27,0.07298206278026906,0.03,0.0,2.493021438222185
Meissen_EXC,Meissen,EXC,DEF,4.5,0.8235294118,84.0,2701,True,False,0.13,0.040984820436875236,0.03,0.0,2.319281277319336
De Regt_EXC,De Regt,EXC,MID,5.5,0.9117647059,83.0,2850,True,False,0.09,0.13263157894736843,0.27,0.0,3.5414772355567727
Sutalo_AJA,Sutalo,AJA,DEF,6.0,0.7037037037,89.0,1942,True,False,0.05,0.02317198764160659,0.0,0.0,2.6176236307581036
Regeer_AJA,Regeer,AJA,MID,6.5,0.75,76.0,1926,True,False,0.28,0.09018691588785047,0.01,0.0,2.4350830369224243
Zoet_AZ,Zoet,AZ,KEE,4.5,0.3225806452,90.0,982,False,False,0.0,0.0,0.0,3.0250000000000004,3.3468625159595202
Schreuders_GRO,Schreuders,GRO,MID,6.0,0.9411764706,86.0,3149,True,False,0.09,0.09117180057161003,0.09,0.0,2.8593525721630453
Pasveer_TWE,Pasveer,TWE,KEE,4.5,,,1488,False,False,0.0,0.0,0.01,4.113539,3.8776234257814797
Pröpper_TWE,Pröpper,TWE,DEF,5.0,0.6896551724,82.0,1886,True,False,0.24,0.07110286320254507,0.0,0.0,3.12429211782731
Offerhaus_UTR,Offerhaus,UTR,DEF,5.0,,,3228,False,False,0.17,0.04014869888475836,0.08,0.0,2.8315658378772284
Read_FEY,Read,FEY,DEF,6.5,0.6875,71.0,1013,True,False,0.18,0.07818361303060217,0.11,0.0,3.479904870632069
Branderhorst_FOR,Branderhorst,FOR,KEE,5.0,1.0,90.0,2356,True,False,0.11,0.0,0.0,3.89565,2.8594451811364436
Brittijn_FOR,Brittijn,FOR,MID,6.0,0.875,82.0,2599,True,False,0.35,0.08968834166987302,0.02,0.0,2.3149936416679853
Sampsted_GAE,Sampsted,GAE,DEF,5.0,0.8571428571,73.0,920,True,False,0.1,0.006847826086956522,0.05,0.0,1.9740175562278695
Ouwejan_NEC,Ouwejan,NEC,DEF,4.5,0.1935483871,74.0,468,False,False,0.0,0.057692307692307696,0.28,0.0,3.597677717222331
Monteiro_NEC,Monteiro,NEC,MID,6.0,,,1353,False,False,0.0,0.0951219512195122,0.09,0.0,2.9603523609929363
De Graaff_PEC,De Graaff,PEC,KEE,4.5,0.9117647059,90.0,3021,True,False,0.0,0.0,0.0,3.873527,2.886974500731687
Paes_AJA,Paes,AJA,KEE,5.0,0.9166666667,90.0,1292,True,False,0.0,0.0,0.0,2.714685,3.1800447486452725
Mokio_AJA,Mokio,AJA,MID,6.0,0.3939393939,81.0,1601,False,False,0.06,0.10624609618988132,0.02,0.0,2.7716122637395193
Oufkir_AZ,Oufkir,AZ,MID,6.5,0.0625,53.0,1016,False,False,0.27,0.3410433070866142,0.19,0.0,4.2503519293536005
Bruns_TWE,Bruns,TWE,DEF,4.5,0.32,90.0,892,False,False,0.0,0.0655829596412556,0.02,0.0,3.393276275072556
Didden_UTR,Didden,UTR,DEF,5.0,0.7,87.0,2046,True,False,0.18,0.06906158357771261,0.0,0.0,2.754934886818636
Valente_FEY,Valente,FEY,MID,8.0,0.9375,84.0,2729,True,False,0.3,0.09959692194943204,0.08,0.0,2.7378700216113416
Koopmans_FOR,Koopmans,FOR,KEE,4.5,0.303030303,90.0,982,False,False,0.0,0.0,0.0,3.484581,2.8681570210007754
Sigurdarson_GAE,Sigurdarson,GAE,ATT,6.0,0.5714285714,66.0,681,True,False,0.0,0.41629955947136565,0.0,0.0,3.664461009497205
Graves_PEC,Graves,PEC,DEF,4.5,0.9375,87.0,2901,True,False,0.16,0.05491209927611168,0.0,0.0,2.128404724979548
Kovar_PSV,Kovar,PSV,KEE,5.5,0.96875,90.0,3010,True,False,0.0,0.0,0.01,2.782775,3.4718694185994456
Dest_PSV,Dest,PSV,DEF,6.5,0.962962963,83.0,2362,True,False,0.15,0.03010160880609653,0.1,0.0,3.118322378371349
Van Bommel_PSV,Van Bommel,PSV,MID,9.0,1.0,63.0,396,True,False,0.23,0.42272727272727273,0.09,0.0,4.465217350224179
Schouten_PSV,Schouten,PSV,MID,6.5,1.0,85.0,2538,True,False,0.11,0.05,0.04,0.0,2.5457823345464714
Wanner_PSV,Wanner,PSV,MID,9.0,0.6129032258,85.0,1733,True,False,0.26,0.19890363531448355,0.14,0.0,3.4387322075408875
Linday_HEE,Linday,HEE,MID,6.0,0.84375,82.0,2493,True,False,0.25,0.03935018050541517,0.07,0.0,2.3633965251988807
Verschuren_SPA,Verschuren,SPA,DEF,4.5,,,2891,True,False,0.22,0.03268765133171913,0.0,0.0,2.2111967573747
Reiziger_TEL,Reiziger,TEL,KEE,4.0,0.02941176471,90.0,120,False,False,0.0,0.0,0.03,7.499699999999999,3.257892625196976
Owusu_TEL,Owusu,TEL,MID,5.0,0.8695652174,78.0,1683,True,False,0.05,0.07326203208556151,0.07,0.0,2.6708424888349196
Hetli_TEL,Hetli,TEL,ATT,5.0,0.59375,70.0,1727,True,False,0.1,0.19646786334684424,0.05,0.0,2.8373256062415946
Wijndal_AJA,Wijndal,AJA,DEF,5.0,0.625,79.0,1467,False,False,0.18,0.05950920245398773,0.1,0.0,3.0012953827333675
Bouwman_AJA,Bouwman,AJA,DEF,5.5,0.2222222222,90.0,827,False,False,0.22,0.13603385731559856,0.0,0.0,3.124859635022946
Gooijer_AJA,Gooijer,AJA,DEF,4.0,,,1478,False,False,0.18,0.09377537212449255,0.0,0.0,2.912408388784332
Dijkstra_AZ,Dijkstra,AZ,DEF,5.0,0.3823529412,79.0,1365,True,False,0.07,0.03296703296703297,0.03,0.0,2.874552758338832
Van Duijl_AZ,Van Duijl,AZ,DEF,4.5,0.2608695652,90.0,632,False,False,0.0,0.027056962025316458,0.03,0.0,2.908398017118658
Jensen_AZ,Jensen,AZ,MID,7.0,0.696969697,74.0,2163,True,False,0.0,0.1306518723994452,0.15,0.0,3.3622590661728524
Patati_AZ,Patati,AZ,MID,7.0,0.5806451613,67.0,1541,True,False,0.0,0.2663205710577547,0.1,0.0,3.885944188509973
Sín_AZ,Sín,AZ,MID,6.5,0.1935483871,55.0,623,False,False,0.14,0.16468699839486356,0.1,0.0,3.2442841822591157
Schouten_AZ,Schouten,AZ,MID,5.0,,,1472,False,False,0.06,0.10027173913043477,0.03,0.0,2.7904114561964777
Mercera_GRO,Mercera,GRO,DEF,5.0,0.2121212121,80.0,971,False,False,0.28,0.034294541709577755,0.14,0.0,2.814472471587319
Clement_GRO,Clement,GRO,MID,6.0,,,1749,True,False,0.1,0.05042881646655231,0.05,0.0,2.529435920242256
Unnerstall_TWE,Unnerstall,TWE,KEE,5.0,1.0,90.0,3016,True,False,0.0,0.0,0.0,2.326311,3.4727254014484297
Nijstad_TWE,Nijstad,TWE,DEF,5.5,0.6,84.0,1773,True,False,0.0,0.046700507614213196,0.0,0.0,3.219952209136471
Ørjasæter_TWE,Ørjasæter,TWE,MID,7.0,0.9032258065,75.0,2224,True,False,0.08,0.20476618705035968,0.32,0.0,4.211357169012406
Ünüvar_TWE,Ünüvar,TWE,MID,5.5,0.0,,933,False,False,0.29,0.3009646302250804,0.07,0.0,3.7461763413702402
Engwanda_UTR,Engwanda,UTR,MID,5.5,1.0,86.0,3181,True,False,0.11,0.005092738132662685,0.02,0.0,2.2117814700534324
Blake_UTR,Blake,UTR,MID,5.5,0.303030303,71.0,1156,False,False,0.16,0.24991349480968858,0.17,0.0,3.8355288765469107
Van den Berg_UTR,Van den Berg,UTR,MID,5.5,0.1666666667,50.0,160,False,False,0.0,0.045,0.1,0.0,2.7649453791956766
Kasanwirjo_FEY,Kasanwirjo,FEY,DEF,4.5,,,1430,False,False,0.06,0.025174825174825173,0.04,0.0,3.0669239522268597
Moder_FEY,Moder,FEY,MID,7.0,0.9,86.0,882,True,False,0.31,0.22448979591836737,0.03,0.0,3.1960863485833646
Márquez_FOR,Márquez,FOR,DEF,4.5,0.875,87.0,2724,True,False,0.13,0.06376651982378854,0.01,0.0,2.3229707573026563
Peterson_FOR,Peterson,FOR,MID,6.0,0.5882352941,68.0,1830,True,False,0.1,0.22918032786885245,0.18,0.0,3.7367163295500414
Nauber_GAE,Nauber,GAE,DEF,5.0,1.0,89.0,881,True,False,0.1,0.11850170261066968,0.02,0.0,2.5503000583253455
Proper_HEE,Proper,HEE,MID,5.5,,,1175,True,False,0.15,0.08119148936170213,0.05,0.0,2.6135587099000475
Thomas_PEC,Thomas,PEC,MID,5.5,0.9310344828,80.0,2310,True,False,0.27,0.022987012987012986,0.05,0.0,2.1324651181050065
Sildillia_PSV,Sildillia,PSV,DEF,5.0,0.4642857143,85.0,1372,True,False,0.13,0.1357871720116618,0.08,0.0,3.7140048873257654
Ideho_SPA,Ideho,SPA,MID,5.0,,,1252,False,False,0.29,0.1380191693290735,0.09,0.0,2.8534851309084006
Rossen_TEL,Rossen,TEL,MID,5.5,0.8965517241,88.0,2501,True,False,0.0,0.07808876449420232,0.04,0.0,2.654136395272603
Hartjes_EXC,Hartjes,EXC,MID,5.0,0.9545454545,74.0,1624,True,False,0.06,0.07980295566502463,0.0,0.0,2.5051279120278855
Dolberg_AJA,Dolberg,AJA,ATT,8.5,0.48,74.0,1292,False,False,0.07,0.2723684210526316,0.09,0.0,3.2843911975049513
Van der Werff_GRO,Van der Werff,GRO,MID,6.0,0.7647058824,73.0,2255,True,False,0.08,0.19596452328159647,0.12,0.0,3.4793434350285253
Pjaca_TWE,Pjaca,TWE,MID,6.5,0.2333333333,63.0,1026,False,False,0.09,0.28596491228070176,0.13,0.0,4.039829106926392
Kjølø_TWE,Kjølø,TWE,MID,5.0,0.125,90.0,619,False,False,0.0,0.03344103392568659,0.06,0.0,2.6631939769087234
Ogidi Nwankwo_UTR,Ogidi Nwankwo,UTR,DEF,4.5,,,2329,False,False,0.12,0.05487333619579218,0.0,0.0,2.731063718541596
Min_UTR,Min,UTR,ATT,6.0,0.28,80.0,1003,False,False,0.09,0.3086739780658026,0.07,0.0,3.3530224738033487
Smal_FEY,Smal,FEY,DEF,5.5,0.4761904762,69.0,952,False,False,0.0,0.07657563025210085,0.03,0.0,3.407514591459147
Sliti_FEY,Sliti,FEY,MID,5.0,0.09375,60.0,588,False,False,0.0,0.19132653061224492,0.11,0.0,3.5872361825395167
Borges_FEY,Borges,FEY,MID,7.5,0.1333333333,85.0,496,False,False,0.0,0.2975806451612903,0.17,0.0,4.299245671193347
Tengstedt_FEY,Tengstedt,FEY,ATT,7.5,0.05882352941,75.0,493,False,False,0.0,0.7667342799188641,0.15,0.0,5.496298204586717
Hubner_FOR,Hubner,FOR,DEF,4.5,0.5,84.0,1665,True,False,0.38,0.0918918918918919,0.04,0.0,2.335154781298609
Michut_FOR,Michut,FOR,MID,5.5,0.85,89.0,1716,True,False,0.21,0.058216783216783224,0.03,0.0,2.3211773530141038
Oukili_FOR,Oukili,FOR,MID,5.5,0.2307692308,86.0,536,False,False,0.5,0.2837686567164179,0.0,0.0,3.08940376192669
Linthorst_GAE,Linthorst,GAE,MID,5.5,0.4848484848,75.0,1606,False,False,0.17,0.026899128268991282,0.01,0.0,2.121037223863491
Fonville_NEC,Fonville,NEC,DEF,5.0,0.4482758621,89.0,1662,True,False,0.16,0.016787003610108302,0.02,0.0,2.4042322955031397
Van Crooij_NEC,Van Crooij,NEC,MID,6.5,0.1176470588,74.0,1101,False,False,0.25,0.2223433242506812,0.15,0.0,3.5488910222562713
Viergever_PEC,Viergever,PEC,DEF,4.5,,,1966,False,False,0.14,0.02792472024415056,0.01,0.0,2.0179456888401615
Obispo_PSV,Obispo,PSV,DEF,5.0,0.2727272727,72.0,882,False,False,0.1,0.16938775510204082,0.0,0.0,3.702079754119418
Driouech_PSV,Driouech,PSV,MID,7.5,0.1515151515,83.0,1077,False,False,0.33,0.3342618384401114,0.2,0.0,4.2353544008380695
Fernandez_PSV,Fernandez,PSV,MID,6.0,0.1739130435,69.0,1136,True,False,0.24,0.07577534959977993,0.11711673081,0.0,2.7758083599561436
Kersten_HEE,Kersten,HEE,DEF,4.5,0.8709677419,85.0,2575,True,False,0.17,0.024466019417475726,0.01,0.0,2.363300464815059
Willemsen_HEE,Willemsen,HEE,DEF,4.5,0.8529411765,88.0,2772,True,False,0.13,0.08798701298701299,0.01,0.0,2.7842420196298736
Tejan_TEL,Tejan,TEL,ATT,5.0,0.2068965517,69.0,944,False,False,0.38,0.39756355932203385,0.08,0.0,3.444701259642028
Heerkens_AJA,Heerkens,AJA,KEE,4.5,,,1747,False,False,0.0,0.0,0.0,4.4827840000000005,3.5207363903924276
Reverson_AJA,Reverson,AJA,KEE,4.0,,,1537,False,False,0.18,0.0,0.019519455135,3.687391999999999,3.2872182384063207
Blind_AJA,Blind,AJA,DEF,5.5,,,2833,True,False,0.03,0.003114584132721497,0.0122550234,0.0,2.5535193126074462
Johnson_AJA,Johnson,AJA,DEF,4.0,,,2376,False,False,0.11,0.025138692219318182,0.019519455135,0.0,2.627519893054556
Henrique_AJA,Henrique,AJA,DEF,6.5,,,1728,True,False,0.1,0.004375793829166667,0.14402612831999997,0.0,2.8866629661279313
Edvardsen_AJA,Edvardsen,AJA,MID,7.0,0.2068965517,67.0,721,False,False,0.37,0.16102635228848822,0.09,0.0,2.9534109563939865
Carrizo_AJA,Carrizo,AJA,MID,8.0,0.0,,130,False,False,0.0,0.5607692307692308,0.0,0.0,5.035405734709437
Nash_AJA,Nash,AJA,MID,4.5,,,841,False,False,0.0,0.22281423221878716,0.09109079063000002,0.0,3.6238736457099465
Ouazane_AJA,Ouazane,AJA,MID,4.5,,,1563,False,False,0.23,0.12438501160882916,0.058558365405,0.0,2.806391649907532
Van Axel Dongen_AJA,Van Axel Dongen,AJA,MID,5.0,,,153,False,False,0.0,0.5588235294117647,0.0,0.0,5.029399888580786
Faberski_AJA,Faberski,AJA,MID,5.0,,,555,False,False,0.16,0.09567567567567567,0.12,0.0,2.912417724935358
Konadu_AJA,Konadu,AJA,ATT,5.0,0.1,57.0,1266,False,False,0.0,0.16189121557464456,0.013012970090000001,0.0,2.6764696574394433
Leonardo_AJA,Leonardo,AJA,ATT,11.5,,,1727,True,True,0.1,0.6020233335414302,0.07158580235999999,0.0,5.081274360233063
Verhulst_AZ,Verhulst,AZ,KEE,4.5,0.03125,90.0,98,False,False,0.0,0.0,0.0,1.84,3.0514744242598155
Maikuma_AZ,Maikuma,AZ,DEF,5.5,0.09090909091,42.0,170,False,False,0.0,0.0,0.26,0.0,3.432935064447774
Dekker_AZ,Dekker,AZ,DEF,4.5,0.07692307692,67.0,1090,False,False,0.08,0.0,0.013012970090000001,0.0,2.6146164012012076
Ichihara_AZ,Ichihara,AZ,DEF,4.5,0.08333333333,85.0,484,False,False,0.0,0.007259301496487603,0.0065064850450000005,0.0,2.7186367776757328
Sadiq_AZ,Sadiq,AZ,MID,7.0,0.1515151515,59.0,713,False,False,0.38,0.29410939691444604,0.05,0.0,3.509934773985089
Lahdo_AZ,Lahdo,AZ,MID,5.0,,,460,False,False,0.2,0.07044756276521738,0.036006532079999994,0.0,2.5253875805520956
Daal_AZ,Daal,AZ,MID,7.0,0.6,68.0,1417,True,False,0.06,0.12575864502470008,0.18,0.0,3.3745012398280725
Bouziane_AZ,Bouziane,AZ,MID,5.0,0.0,,1343,False,False,0.0,0.19621194662881608,0.1301297009,0.0,3.632722967474269
Robbemond_AZ,Robbemond,AZ,MID,4.5,0.2,69.0,1451,False,False,0.25,0.0504465587568918,0.052051880360000004,0.0,2.420443909234478
Kovács_AZ,Kovács,AZ,ATT,5.0,,,627,False,False,0.0,0.38011570526052635,0.10410376072000001,0.0,3.848122103085368
Janse_GRO,Janse,GRO,KEE,4.0,0.9677419355,90.0,94,False,False,0.0,0.0,0.0,2.874,3.1361326946031394
Prins_GRO,Prins,GRO,DEF,5.0,0.1212121212,71.0,622,False,False,0.0,0.082475884244373,0.14,0.0,3.3825332736329936
Emeran_GRO,Emeran,GRO,MID,4.5,0.0,,627,False,False,0.29,0.08592296040287083,0.23423346162,0.0,3.0677605535616577
Hernes_GRO,Hernes,GRO,MID,5.0,0.09090909091,65.0,388,False,False,0.23,0.10438144329896908,0.05,0.0,2.6675177952000113
Eggens_GRO,Eggens,GRO,ATT,4.5,,,964,False,False,0.0,0.3492848558908195,0.032532425225,0.0,3.495869928559568
Mesbahi_TWE,Mesbahi,TWE,DEF,4.0,,,1081,False,False,0.08,0.013000932189824236,0.04554539531500001,0.0,3.0743287190419544
Kurowski_TWE,Kurowski,TWE,DEF,4.5,,,1211,False,False,0.22,0.07439762811976053,0.039777274902,0.0,3.28561346821985
Weidmann_TWE,Weidmann,TWE,MID,5.0,0.2272727273,64.0,516,False,False,0.17,0.10465116279069767,0.16,0.0,3.15074691604251
Booth_TWE,Booth,TWE,MID,5.5,0.2105263158,70.0,411,False,False,0.44,0.13576642335766423,0.28,0.0,3.3945998243661997
Kuster_TWE,Kuster,TWE,MID,5.0,,,2096,False,False,0.09,0.13466188991035305,0.058558365405,0.0,3.081357144050577
Verschueren_TWE,Verschueren,TWE,MID,5.5,0.08823529412,62.0,714,False,False,0.13,0.17899159663865546,0.21,0.0,3.707229070798134
Besselink_TWE,Besselink,TWE,MID,4.5,,,2968,False,False,0.12,0.013021738937769542,0.019519455135,0.0,2.3185267371942553
Ltaief_TWE,Ltaief,TWE,MID,5.0,,,537,False,False,0.0,0.1558659217877095,0.05,0.0,3.244055242030126
Vennegoor of Hesselink_TWE,Vennegoor of Hesselink,TWE,ATT,5.0,0.0,,90,False,False,0.0,0.59,0.22,0.0,5.011274762914734
Brouwer_UTR,Brouwer,UTR,KEE,4.5,0.03448275862,90.0,151,False,False,0.0,0.0,0.0,2.3827380000000002,3.1111034691164723
Gadellaa_UTR,Gadellaa,UTR,KEE,4.0,,,2107,False,False,0.0,0.0,0.0,3.5016409999999993,3.3494488387715102
Eppink_UTR,Eppink,UTR,KEE,4.0,,,1343,False,False,0.0,0.0,0.0,3.350887,3.323679452493498
Vesterlund_UTR,Vesterlund,UTR,DEF,5.0,0.5555555556,80.0,1565,True,False,0.12,0.09258785942492014,0.03,0.0,3.0468657064258746
Eerdhuijzen_UTR,Eerdhuijzen,UTR,DEF,5.0,0.2857142857,53.0,516,False,False,0.17,0.031395348837209305,0.0,0.0,2.54023070311423
Adiele_UTR,Adiele,UTR,DEF,4.5,0.0,,382,False,False,0.24,0.04752118658520942,0.20820752144000002,0.0,3.191683984726577
Paredes_UTR,Paredes,UTR,DEF,5.5,,,1642,False,False,0.22,0.2189285833220463,0.09862297224000001,0.0,3.911852867716326
Kloosterboer_UTR,Kloosterboer,UTR,DEF,4.5,,,2406,False,False,0.15,0.013386160005299253,0.013012970090000001,0.0,2.4917579073904292
Iqbal_UTR,Iqbal,UTR,MID,5.0,0.3333333333,62.0,538,False,False,0.5,0.02068046361886617,0.052051880360000004,0.0,1.995575882869569
Van Ommeren_UTR,Van Ommeren,UTR,MID,4.5,0.0,,1325,False,False,0.27,0.03491404427920755,0.03903891027,0.0,2.2577594229272995
El Arguioui_CAM,El Arguioui,CAM,MID,4.5,,,1900,False,False,0.19,0.3014214808741579,0.10410376072000001,0.0,3.7650086484748386
Agougil_UTR,Agougil,UTR,MID,4.5,0.0,,2528,False,False,0.18,0.05929961053670886,0.18868806630499999,0.0,2.91530161266192
Menzo_UTR,Menzo,UTR,MID,4.5,,,372,False,False,0.0,0.08342992920604839,0.07807782054,0.0,2.8873582472889927
Jonathans_UTR,Jonathans,UTR,MID,5.5,0.1176470588,64.0,566,False,False,0.16,0.38480565371024733,0.13,0.0,4.408000868872495
Stepanov_UTR,Stepanov,UTR,ATT,7.5,0.7857142857,69.0,974,True,True,0.0,0.4638603696098562,0.03,0.0,4.476659774387466
Ohio_UTR,Ohio,UTR,ATT,5.5,0.0,,602,False,False,0.15,0.43772864505398673,0.0,0.0,3.6193690259605398
Ernst_FEY,Ernst,FEY,KEE,5.5,,,3233,True,False,0.17,0.0,0.0,2.365451,3.2403955108444222
St. Juste_FEY,St. Juste,FEY,DEF,5.0,0.125,45.0,175,True,False,0.0,0.0,0.0,0.0,2.8561925107013124
Nieuwkoop_FEY,Nieuwkoop,FEY,DEF,5.0,0.2272727273,57.0,622,False,False,0.43,0.0680064308681672,0.04,0.0,2.9517075960348125
Lotomba_FEY,Lotomba,FEY,DEF,5.0,0.2666666667,75.0,1017,False,False,0.0,0.03274336283185841,0.06,0.0,3.2326174242591272
Mármol_FEY,Mármol,FEY,DEF,5.5,,,3702,True,False,0.22,0.026451043220226907,0.038857842063999996,0.0,2.911472296214674
Kraaijeveld_FEY,Kraaijeveld,FEY,MID,4.5,0.347826087,75.0,811,False,False,0.22,0.03551171393341554,0.03,0.0,2.3461007454024947
Stengs_AZ,Stengs,AZ,MID,6.0,,,697,False,False,0.26,0.13428981348637017,0.21,0.0,3.3063379778067254
Diarra_FEY,Diarra,FEY,MID,5.5,0.08333333333,71.0,235,False,False,0.0,0.1723404255319149,0.18,0.0,3.6978839613393415
Van den Elshout_FEY,Van den Elshout,FEY,MID,5.0,0.2222222222,72.0,408,False,False,0.0,0.3066176470588235,0.13,0.0,4.218067149149998
Vanhoutte_FEY,Vanhoutte,FEY,MID,6.5,,,1945,True,False,0.32,0.02499168036401028,0.036006532079999994,0.0,2.212017617995634
Carrillo_FEY,Carrillo,FEY,ATT,5.0,,,1460,False,False,0.25,0.24506274837297948,0.0,0.0,2.726934967512518
Ferri_FEY,Ferri,FEY,ATT,8.5,,,3064,False,False,0.21,0.4867091188487271,0.06312282497999999,0.0,3.9262049503349084
Van Ottele_FOR,Van Ottele,FOR,DEF,4.5,0.4090909091,86.0,991,False,False,0.18,0.017255297679112006,0.03,0.0,2.0545535966774104
Pinto_FOR,Pinto,FOR,DEF,4.5,0.8275862069,80.0,2188,True,False,0.12,0.0012340036563071297,0.1,0.0,2.230373437528742
Wylin_FOR,Wylin,FOR,DEF,4.5,,,1605,True,False,0.06,0.04829751389136448,0.096525634803,0.0,2.561587410391672
De Groot_FOR,De Groot,FOR,DEF,4.5,,,3466,False,False,0.1,0.06504607813307849,0.026025940180000002,0.0,2.4102055532024806
t Zand_FOR,t Zand,FOR,MID,4.5,,,1193,False,False,0.08,0.17577535624476112,0.07,0.0,3.1683208590758034
Simons_FOR,Simons,FOR,MID,5.5,,,3112,False,False,0.14,0.05870890104871465,0.084584305585,0.0,2.55859687619685
Zeefuik_FOR,Zeefuik,FOR,ATT,6.0,,,1319,True,False,0.41,0.254510993176649,0.01,0.0,2.6307488358312687
Romeny_FOR,Romeny,FOR,ATT,6.5,,,773,True,False,0.23,0.3038809831824062,0.07,0.0,3.2018618090072675
Haug_GAE,Haug,GAE,KEE,4.5,,,3310,True,False,0.0,0.0,0.0,3.969317,2.8313423714613495
Dirksen_GAE,Dirksen,GAE,DEF,4.5,0.4516129032,79.0,1239,False,False,0.29,0.053026634382566586,0.0,0.0,1.911474808366594
Waayers_GAE,Waayers,GAE,DEF,4.0,0.07142857143,21.0,511,False,False,0.35,0.012605518971722112,0.06506485045,0.0,1.8044322377739308
Van Zwam_GAE,Van Zwam,GAE,DEF,4.0,0.2222222222,80.0,746,False,False,0.0,0.039812332439678286,0.03,0.0,2.209888225618169
Galvez_GAE,Galvez,GAE,DEF,5.0,,,3083,False,False,0.12,0.013485708542831657,0.07807782054,0.0,2.0787155551452665
Salah Rahmouni_GAE,Salah Rahmouni,GAE,MID,5.0,0.2413793103,71.0,871,False,False,0.21,0.004133180252583238,0.01,0.0,1.9652757283405526
Twigt_GAE,Twigt,GAE,MID,5.0,0.3333333333,65.0,578,False,False,0.16,0.006228373702422146,0.06,0.0,2.1755201662012
Tengstedt_GAE,Tengstedt,GAE,MID,6.5,0.5625,65.0,724,True,False,0.12,0.23121546961325967,0.03,0.0,3.252990924631182
Sivertsen_GAE,Sivertsen,GAE,MID,5.5,0.06896551724,56.0,396,False,False,0.0,0.17045454545454547,0.09,0.0,3.244937734284493
Margaret_GAE,Margaret,GAE,MID,6.0,0.40625,59.0,1111,False,False,0.24,0.081008100810081,0.1,0.0,2.5859607027363563
Baeten_GAE,Baeten,GAE,ATT,5.0,0.1724137931,73.0,862,False,False,0.21,0.10440835266821345,0.11,0.0,2.5343202745895432
Flataker_GAE,Flataker,GAE,ATT,6.0,,,1473,False,False,0.0,0.33374724930311606,0.028302227877,0.0,3.419895680843464
Pereira_NEC,Pereira,NEC,DEF,5.0,0.4333333333,75.0,1297,False,False,0.07,0.042328450269853504,0.19,0.0,3.1572864137556444
Nuytinck_NEC,Nuytinck,NEC,DEF,4.5,0.2307692308,63.0,286,False,False,0.31,0.05979020979020979,0.0,0.0,2.449767020499133
Storm_NEC,Storm,NEC,DEF,4.5,,,2784,True,False,0.06,0.03427819887012931,0.005640100807,0.0,2.566295270691085
Sbai_NEC,Sbai,NEC,DEF,4.0,,,1347,False,False,0.2,0.02956175833363029,0.026025940180000002,0.0,2.4589422256266156
Willumsson_NEC,Willumsson,NEC,MID,6.5,0.07142857143,67.0,117,False,False,0.77,0.12307692307692308,0.0,0.0,2.06291773708948
Van de Wiel_NEC,Van de Wiel,NEC,MID,4.5,,,494,False,False,0.0,0.007112352073481781,0.013012970090000001,0.0,2.289245550011742
Tahaui_NEC,Tahaui,NEC,MID,6.0,,,2955,False,False,0.15,0.09194951454456853,0.10410376072000001,0.0,2.8403226883157804
Mor_NEC,Mor,NEC,MID,7.0,,,1150,False,False,0.55,0.045731775099286956,0.24760612695,0.0,2.636156837810499
Schendelaar_PEC,Schendelaar,PEC,KEE,4.5,0.3333333333,90.0,196,False,False,0.0,0.0,0.0,2.294628,2.5653252036439524
Verduin_PEC,Verduin,PEC,KEE,4.0,0.02941176471,90.0,92,False,False,0.0,0.0,0.0,5.8725000000000005,3.093127624918207
Floranus_PEC,Floranus,PEC,DEF,4.5,1.0,87.0,2985,True,False,0.15,0.02412060301507538,0.05,0.0,2.1052778435449557
Velthuis_PEC,Velthuis,PEC,DEF,4.5,0.4615384615,87.0,640,False,False,0.0,0.01546875,0.02,0.0,2.112564311064804
Fichtinger_PEC,Fichtinger,PEC,MID,5.0,0.1666666667,74.0,842,False,False,0.43,0.02992874109263658,0.02,0.0,1.9168384042732582
Mbayo_PEC,Mbayo,PEC,MID,5.5,0.2777777778,60.0,579,False,False,0.16,0.035751295336787565,0.05,0.0,2.307608877937515
Pereira da Gama_PEC,Pereira da Gama,PEC,MID,5.0,0.03846153846,57.0,245,False,False,1.1,0.0,0.02,0.0,1.0975244199386054
Reiziger_PEC,Reiziger,PEC,MID,4.5,0.0303030303,64.0,264,False,False,0.0,0.13977272727272724,0.0,0.0,2.838201127795652
Sommer_PEC,Sommer,PEC,MID,5.5,,,2645,True,False,0.14,0.04154569984320226,0.123044693291,0.0,2.574358212400785
Sørensen_PEC,Sørensen,PEC,MID,5.0,,,1737,True,False,0.05,0.24954417768518136,0.07721366940800001,0.0,3.5708046161828912
Olij_PSV,Olij,PSV,KEE,5.0,0.04347826087,90.0,91,False,False,0.0,0.0,0.0,2.9699999999999998,3.5559499646885353
Smolenaars_PSV,Smolenaars,PSV,KEE,4.0,,,1330,False,False,0.07,0.0,0.0,4.1954009999999995,3.637520438538206
Flamingo_PSV,Flamingo,PSV,DEF,5.5,0.4411764706,89.0,1840,True,False,0.2,0.07630434782608696,0.0,0.0,3.0439022833642237
Kuhn_PSV,Kuhn,PSV,DEF,4.0,,,1556,False,False,0.17,0.04478435400510926,0.06506485045,0.0,3.0814701477240574
Merién_PSV,Merién,PSV,DEF,4.0,,,2830,False,False,0.16,0.02358888217727915,0.019519455135,0.0,2.827755807106078
Van den Berg_PSV,Van den Berg,PSV,MID,5.0,0.07142857143,90.0,2213,False,False,0.2,0.16829245547934932,0.03903891027,0.0,3.0445829762991328
Bawuah_PSV,Bawuah,PSV,MID,4.5,,,1375,False,False,0.13,0.05110548253527272,0.04554539531500001,0.0,2.5481545186668244
Koller_PSV,Koller,PSV,MID,4.5,,,1313,False,False,0.21,0.11551117014390706,0.013012970090000001,0.0,2.6957602833300323
Pléa_PSV,Pléa,PSV,ATT,9.5,1.0,56.0,118,True,False,0.0,0.030508474576271188,0.32,0.0,3.0838340609220944
Noppert_HEE,Noppert,HEE,KEE,4.5,0.1379310345,90.0,414,False,False,0.0,0.0,0.0,2.389401,2.9301043068992443
Hopland_HEE,Hopland,HEE,DEF,4.5,0.1785714286,73.0,644,False,False,0.14,0.10201863354037266,0.02,0.0,2.888509543391753
Petrov_HEE,Petrov,HEE,DEF,4.5,0.09375,88.0,583,False,False,0.31,0.060205831903945115,0.03,0.0,2.498325056903876
Egbring_HEE,Egbring,HEE,DEF,4.0,0.03125,90.0,207,False,False,0.43,0.06956521739130435,0.37,0.0,3.4500511299884558
Bladi_HEE,Bladi,HEE,DEF,5.0,,,2313,False,False,0.0,0.024950753743424127,0.041104767385000004,0.0,2.630358662150459
Smans_HEE,Smans,HEE,MID,6.5,1.0,52.0,2569,True,False,0.07,0.17516543402101986,0.16,0.0,3.4803088509698243
Gürbüz_WIL,Gürbüz,WIL,MID,5.0,,,363,False,False,0.25,0.40909090909090906,0.08,0.0,4.185202302641226
Oyen_HEE,Oyen,HEE,MID,6.0,0.2941176471,66.0,523,False,False,0.0,0.31319311663479926,0.1,0.0,4.066289483945431
Bednarek_SPA,Bednarek,SPA,KEE,4.5,,,3307,True,False,0.03,0.0,0.01,3.7536,3.107204332876139
Kleijn_SPA,Kleijn,SPA,DEF,4.5,0.1538461538,78.0,486,False,False,0.0,0.04814814814814815,0.05,0.0,2.6747646560004275
Reith_SPA,Reith,SPA,DEF,4.5,,,2265,False,False,0.04,0.034385265337152325,0.084584305585,0.0,2.656620596965311
Kuipers_SPA,Kuipers,SPA,DEF,5.0,,,155,True,False,0.0,0.18,0.04,0.0,3.444584256907664
Vianello_SPA,Vianello,SPA,DEF,4.0,0.2307692308,80.0,329,False,False,0.0,0.04650455927051672,0.0,0.0,2.516114684710538
Martes_SPA,Martes,SPA,DEF,4.5,0.6666666667,74.0,994,True,False,0.45,0.030784708249496983,0.07,0.0,2.1807452878422975
Toornstra_SPA,Toornstra,SPA,MID,5.5,0.2727272727,80.0,880,False,False,0.51,0.11147727272727273,0.08,0.0,2.4743913506737565
Santos_SPA,Santos,SPA,MID,5.5,0.6,77.0,1657,True,False,0.11,0.09179239589619795,0.03,0.0,2.6230773454435483
Baas_SPA,Baas,SPA,MID,5.0,0.4242424242,78.0,1430,False,False,0.31,0.1113986013986014,0.09,0.0,2.704526715219003
Terho_SPA,Terho,SPA,MID,5.5,0.0,,273,False,False,0.33,0.26373626373626374,0.33,0.0,4.160307017253331
Thórisson_SPA,Thórisson,SPA,ATT,5.5,,,503,True,False,0.0,0.3256461232604374,0.05,0.0,3.455067105142656
Oudsten_TEL,Oudsten,TEL,DEF,4.0,0.0,,151,False,False,0.6,0.23841059602649006,0.0,0.0,2.8230409731423007
Alders_TEL,Alders,TEL,DEF,4.5,0.625,64.0,592,True,False,0.0,0.007601351351351352,0.16,0.0,2.517000168189182
Soualhia_TEL,Soualhia,TEL,DEF,4.5,,,1906,False,False,0.14,0.036193452620949626,0.020716132340999997,0.0,2.131709363866441
Demircan_TEL,Demircan,TEL,MID,4.5,,,2063,False,False,0.04,0.10701165175804651,0.110610245765,0.0,2.969358744240032
Rui Mendes_TEL,Rui Mendes,TEL,MID,5.0,,,91,False,False,0.0,0.1087912087912088,0.11,0.0,3.0214452532588294
Seedorf_TEL,Seedorf,TEL,ATT,4.5,0.0,,245,False,False,0.37,0.7236734693877551,0.0,0.0,4.520647062761306
Raatsie_EXC,Raatsie,EXC,KEE,4.5,0.07407407407,90.0,194,False,False,0.0,0.0,0.0,5.5669450000000005,3.1436229133621527
Biai_EXC,Biai,EXC,KEE,4.5,,,3263,False,False,0.08,0.0,0.0,3.2846480000000002,2.8082875486042207
Henderikx_EXC,Henderikx,EXC,DEF,4.0,0.1851851852,76.0,580,False,False,0.0,0.040344827586206895,0.01,0.0,2.3867228962888554
Martens_EXC,Martens,EXC,DEF,4.0,0.3,72.0,504,False,False,0.0,0.014285714285714285,0.0,0.0,2.2010060331585106
Janssen_EXC,Janssen,EXC,DEF,4.5,0.1923076923,76.0,574,False,False,0.0,0.07526132404181185,0.09,0.0,2.834093549661686
K. Bos_EXC,K. Bos,EXC,DEF,4.5,,,1306,False,False,0.28,0.05255832190107197,0.057681654119999995,0.0,2.3234989906149455
Van de Wetering_EXC,Van de Wetering,EXC,DEF,4.5,,,722,False,False,0.25,0.07380625002569252,0.052051880360000004,0.0,2.4638020808020276
Plug_EXC,Plug,EXC,DEF,4.0,,,1330,True,False,0.14,0.06648355771545113,0.019519455135,0.0,2.431526445482002
Carlén_EXC,Carlén,EXC,MID,5.0,0.3529411765,85.0,1353,False,False,0.33,0.01796008869179601,0.01,0.0,1.9535806555325161
Tielemans_EXC,Tielemans,EXC,MID,5.0,0.1538461538,66.0,140,False,False,0.0,0.019285714285714285,0.14,0.0,2.6801710902220135
Van Vianen_EXC,Van Vianen,EXC,MID,5.0,,,939,False,False,0.19,0.07234047270479232,0.052051880360000004,0.0,2.4929354087707734
Finey_EXC,Finey,EXC,MID,5.5,,,1674,False,False,0.11,0.1995718800439785,0.06433339634,0.0,3.2446203456545675
Silva Timas_EXC,Silva Timas,EXC,MID,5.0,,,2641,False,False,0.14,0.06651840068723969,0.123623215855,0.0,2.7285108441270824
Nikièma_ADO,Nikièma,ADO,KEE,4.5,0.972972973,90.0,3460,True,False,0.05,0.0,0.0,1.9759740000000001,2.582688146153262
Thiede_ADO,Thiede,ADO,KEE,4.5,,,3460,False,False,0.05,0.0,0.0,1.9759740000000001,2.57962581454237
Hokke_ADO,Hokke,ADO,DEF,4.5,0.7741935484,82.0,2110,True,False,0.13,0.059668476597511844,0.110610245765,0.0,2.7058831239208967
Mulder_ADO,Mulder,ADO,DEF,4.5,0.9166666667,81.0,2874,True,False,0.19,0.047270496777870555,0.013012970090000001,0.0,2.2792111983940955
Sylla_ADO,Sylla,ADO,DEF,4.5,0.7714285714,79.0,2447,True,False,0.29,0.05599778301908459,0.032532425225,0.0,2.290350328302124
Waem_ADO,Waem,ADO,DEF,4.5,0.9189189189,86.0,3232,True,False,0.14,0.06866838022430384,0.026025940180000002,0.0,2.4946589394880485
De Ruijter_ADO,De Ruijter,ADO,DEF,4.5,0.5185185185,72.0,1410,True,False,0.13,0.09925850589925532,0.084584305585,0.0,2.8635666298272175
Wilhelm_ADO,Wilhelm,ADO,DEF,4.0,,,3193,False,False,0.14,0.036649675549420606,0.02308134399,0.0,2.295713963918712
Hawkins_ADO,Hawkins,ADO,MID,5.0,0.1818181818,60.0,660,False,False,0.0,0.15615564108,0.07807782054,0.0,3.187037471841964
Jiménez_ADO,Jiménez,ADO,MID,5.0,0.2368421053,66.0,1158,False,False,0.31,0.06927889516826424,0.084584305585,0.0,2.4606182717870952
Kilo_ADO,Kilo,ADO,MID,5.5,0.9473684211,87.0,3339,True,False,0.05,0.06699399695929918,0.110610245765,0.0,2.7907434069737134
De Bruin_ADO,De Bruin,ADO,MID,5.0,0.02631578947,55.0,339,False,False,0.27,0.13991821822433628,0.123623215855,0.0,2.9664142925625283
Peupion_ADO,Peupion,ADO,MID,5.5,0.6052631579,71.0,2241,True,False,0.08,0.20773717312349396,0.06506485045,0.0,3.3145911528655194
Rottier_ADO,Rottier,ADO,MID,6.0,0.7631578947,81.0,2708,True,False,0.03,0.243272382129339,0.11711673081,0.0,3.7047902292354724
Thomas_ADO,Thomas,ADO,MID,5.5,0.3333333333,54.0,1043,False,False,0.43,0.1802227736817354,0.162662126125,0.0,3.1384654880976877
Van Mieghem_ADO,Van Mieghem,ADO,MID,6.0,0.6774193548,69.0,1821,True,True,0.1,0.09229132823303131,0.162662126125,0.0,3.557803645375901
Zamburek_ADO,Zamburek,ADO,MID,5.0,,,1821,False,False,0.3,0.026194398682042836,0.02,0.0,2.0604075187999245
Bal_ADO,Bal,ADO,ATT,5.0,0.3611111111,62.0,1318,False,False,0.14,0.40075603638323215,0.06506485045,0.0,3.652057705788824
Reischl_ADO,Reischl,ADO,ATT,5.5,0.6756756757,70.0,2106,True,False,0.17,0.30613846301474357,0.026025940180000002,0.0,3.137481519092356
Bárány_ADO,Bárány,ADO,ATT,6.0,,,2070,False,False,0.09,0.39689497657021744,0.043263433465,0.0,3.6273702066758697
Eduardo_ADO,Eduardo,ADO,ATT,6.0,,,1927,True,False,0.23,0.26133987674260506,0.09109079063000002,0.0,3.0895278810885705
Jansen_CAM,Jansen,CAM,KEE,4.5,1.0,90.0,3659,True,False,0.02,0.0,0.0,3.26986,2.8464035862250583
Amofa_CAM,Amofa,CAM,DEF,5.0,1.0,87.0,3319,True,False,0.19,0.035110318516405545,0.0065064850450000005,0.0,2.095682299272605
Baouf_CAM,Baouf,CAM,DEF,5.0,1.0,90.0,2794,True,False,0.19,0.08110983325603079,0.019519455135,0.0,2.4139741200176696
Berkhout_CAM,Berkhout,CAM,DEF,4.5,0.3125,87.0,1226,False,False,0.15,0.02818061630420065,0.013012970090000001,0.0,2.1136535802743284
Mulders_CAM,Mulders,CAM,DEF,4.5,0.9032258065,78.0,2332,True,False,0.23,0.0050221582680102924,0.052051880360000004,0.0,2.010388066188709
Jetten_CAM,Jetten,CAM,DEF,4.0,,,1852,True,False,0.1,0.023398050971760263,0.06506485045,0.0,2.2913642098493123
Van de Pavert_CAM,Van de Pavert,CAM,MID,4.5,,,477,True,False,0.38,0.022097496379245282,0.0065064850450000005,0.0,1.9032732726965975
Kvam_CAM,Kvam,CAM,MID,5.0,0.4285714286,61.0,398,False,False,0.23,0.2192260413403266,0.0,0.0,3.0184860127107136
Apkakou_CAM,Apkakou,CAM,MID,5.0,0.4375,56.0,558,False,False,0.32,0.03882902365564516,0.026025940180000002,0.0,2.105661233166108
Visser_CAM,Visser,CAM,MID,4.5,1.0,67.0,633,True,False,0.28,0.04347935504004739,0.052051880360000004,0.0,2.2467409353332006
Souren_CAM,Souren,CAM,MID,5.0,0.5588235294,78.0,1918,True,False,0.28,0.031752189792075086,0.0065064850450000005,0.0,2.0532099596262685
Henstra_CAM,Henstra,CAM,MID,5.0,0.05263157895,58.0,692,False,False,0.39,0.23609514375715315,0.11711673081,0.0,3.3031777412474677
Kooistra_CAM,Kooistra,CAM,MID,5.0,0.02702702703,62.0,513,False,False,0.0,0.02511274929649123,0.052051880360000004,0.0,2.4353185074455728
Hamache_CAM,Hamache,CAM,MID,5.5,,,1370,True,False,0.07,0.12195155403696349,0.094537547291,0.0,2.9770027764745874
Vink_CAM,Vink,CAM,ATT,5.0,,,2068,True,False,0.13,0.15234236261068665,0.058558365405,0.0,2.6552395547272063
Binder_CAM,Binder,CAM,ATT,5.0,0.06896551724,71.0,361,False,False,0.0,0.0048663461555401655,0.11711673081,0.0,2.3719846384483874
Didillon-Hödl_WIL,Didillon-Hödl,WIL,KEE,4.5,1.0,90.0,3345,True,False,0.0,0.0,0.0065064850450000005,3.8444879999999997,2.9502590030833917
De Leeuw_WIL,De Leeuw,WIL,KEE,4.0,0.07894736842,90.0,289,False,False,0.31,0.0,0.0,2.488,2.3153187526334644
Van der Steen_WIL,Van der Steen,WIL,KEE,4.0,,,3345,False,False,0.0,0.0,0.01,3.8444879999999997,2.9381121369347722
Stam_WIL,Stam,WIL,DEF,4.5,0.7,81.0,1263,True,False,0.21,0.050073661628978625,0.0065064850450000005,0.0,2.121266444788373
Ciranni_WIL,Ciranni,WIL,DEF,4.5,0.7142857143,89.0,1507,True,False,0.12,0.013600151222130059,0.06506485045,0.0,2.167165740969349
Et-Taïbi_WIL,Et-Taïbi,WIL,DEF,4.0,1.0,77.0,2339,True,False,0.04,0.02628742354649423,0.071571335495,0.0,2.3423043389042997
Hoogma_WIL,Hoogma,WIL,DEF,4.5,0.9393939394,89.0,2945,True,False,0.15,0.02724107321047538,0.0,0.0,2.022852453848188
Mathijsen_WIL,Mathijsen,WIL,DEF,4.0,0.1176470588,68.0,440,False,False,0.61,0.0013308719410227274,0.013012970090000001,0.0,1.4468364113692709
Scheepens_WIL,Scheepens,WIL,DEF,4.0,0.2142857143,86.0,309,False,False,0.29,0.0,0.06506485045,0.0,1.9145889002312007
Tjoe-A-On_WIL,Tjoe-A-On,WIL,DEF,4.5,0.9090909091,89.0,2839,True,False,0.19,0.04847205308268757,0.058558365405,0.0,2.2820568927624407
Van Loon_WIL,Van Loon,WIL,DEF,4.5,0.25,80.0,969,False,False,0.0,0.08883467197662538,0.026025940180000002,0.0,2.619921715244656
Schuurman_WIL,Schuurman,WIL,MID,5.0,0.875,81.0,628,True,False,0.14,0.0354334058183121,0.03903891027,0.0,2.300042720572703
Zarrouk_WIL,Zarrouk,WIL,MID,5.0,0.3214285714,72.0,919,False,False,0.1,0.018478700726278562,0.03903891027,0.0,2.254950682225727
Van Aalst_WIL,Van Aalst,WIL,MID,5.0,0.6216216216,82.0,2271,True,False,0.08,0.0876699438031704,0.06506485045,0.0,2.6963402613738214
Culum_WIL,Culum,WIL,MID,5.0,0.3333333333,64.0,1089,False,False,0.17,0.1656196193272727,0.11711673081,0.0,3.160051873661833
Slory_WIL,Slory,WIL,MID,6.0,,,918,True,False,0.1,0.10392156862745099,0.09,0.0,2.840662508784141
Haen_WIL,Haen,WIL,ATT,5.5,1.0,88.0,3054,True,True,0.09,0.33478358217789783,0.058558365405,0.0,3.828360889058205
Verheydt_WIL,Verheydt,WIL,ATT,5.0,0.6206896552,73.0,1602,True,False,0.17,0.3293451137946629,0.071571335495,0.0,3.3741890178327942
Baartmans_WIL,Baartmans,WIL,ATT,4.5,0.08108108108,73.0,660,False,False,0.14,0.18898381562522723,0.03903891027,0.0,2.7312301128017777
Descotte_FOR,Descotte,FOR,ATT,6.0,,,988,False,False,0.18,0.3215587044534413,0.04,0.0,3.2249395531497616
Brandis_GRO,Brandis,GRO,DEF,5.0,,,1703,False,False,0.05,0.02846202136171462,0.015387562660000001,0.0,2.636647230818676
Bischoff_NEC,Bischoff,NEC,MID,7.0,,,548,False,False,0.0,0.0,0.0,0.0,2.214679581464064
Tadić_NEC,Tadić,NEC,MID,8.5,,,2413,True,True,0.04,0.05808283768227104,0.30116925473899997,0.0,4.128937471451794
Cissoko_PEC,Cissoko,PEC,MID,5.5,,,1295,False,False,0.35,0.10744443879289575,0.11272961084000001,0.0,2.662499668895428
De Grand_AZ,De Grand,AZ,DEF,5.5,,,3143,False,False,0.14,0.05124063288081133,0.14850097662,0.0,3.2685260508252227
Arokodare_AJA,Arokodare,AJA,ATT,8.5,,,3286,False,False,0.05,0.705953687770846,0.07364329581000001,0.0,4.994744638513384
Machine_HEE,Machine,HEE,ATT,5.5,,,646,False,False,0.14,0.22239328637647057,0.02400435472,0.0,2.8215862096658824
Sulzbacher_EXC,Sulzbacher,EXC,MID,5.0,,,766,False,False,0.47,0.019678440583080936,0.08663037636,0.0,2.05204408841008
Ter Avest_WIL,Ter Avest,WIL,DEF,4.5,,,788,True,False,0.0,0.031234044934644673,0.03038571285,0.0,2.287346232181239
Brandt_AJA,Brandt,AJA,MID,9.5,,,1778,True,False,0.0,0.29516169349386956,0.19724594448000002,0.0,4.304936468272565
